id,timestamp,source_ip,source_country,target_country,source_lat,source_lon,target_lat,target_lon,attack_type,severity,device_type
b47c39ae-ae23-46f9-bd4f-7fbcc6b80b1a,2026-03-24T23:58:10,58.89.238.210,China,Iran,35.4103,103.0557,34.3093,53.3425,Zero Day,Critical,Router
114e5d79-25e8-47d2-a911-6e74cbf67d94,2026-03-24T23:27:01,80.3.247.98,Netherlands,France,52.5732,3.8216,46.4041,3.0451,SQL Injection,Critical,Router
82a9c044-e09e-4c11-b461-e2f9dd3d3bc4,2026-03-24T21:39:39,80.79.143.241,Germany,UK,49.8471,12.092,54.2182,-3.0751,XSS,Low,IoT Device
e6031374-fd61-4a8c-89b7-73931875eb09,2026-03-24T19:55:34,72.26.202.241,USA,Australia,38.5775,-97.1057,-23.4043,135.0275,Zero Day,High,Router
4b56989e-82f2-4617-a87e-4c167cd7f59b,2026-03-24T14:03:39,143.157.123.42,Argentina,Pakistan,-36.4473,-63.9838,30.7916,71.0808,Phishing,Medium,Server
84ca9d9d-b8a0-4ef4-9eab-9763328eb39f,2026-03-24T06:08:11,49.207.145.228,Indonesia,Australia,1.0849,112.6882,-24.3176,134.5756,Phishing,Medium,IoT Device
f0e4c644-a32c-4f66-99d3-d3fa50499dc5,2026-03-24T02:09:58,212.249.127.26,France,Russia,44.7024,1.4425,63.2343,105.5038,XSS,Low,Mobile
a1ea2d3f-453e-4eb1-ba74-63cf9624c3c9,2026-03-24T01:01:53,77.204.46.152,Russia,China,60.8222,104.0536,34.2769,104.5567,Zero Day,High,Mobile
a59dddd3-c472-469d-a09c-0daf53f61e3a,2026-03-23T20:28:31,196.106.191.241,Nigeria,Japan,8.8439,6.8349,34.2133,139.4457,XSS,Low,Database
95a8ddfb-f764-4c28-9306-7f6aa8f81853,2026-03-23T19:55:44,177.31.188.214,Mexico,Iran,23.0645,-103.4907,32.537,54.1508,DDoS,Medium,Workstation
93f13707-2474-4a3f-b168-b080a046195f,2026-03-23T19:06:22,99.223.157.62,Canada,Argentina,55.096,-108.1369,-37.6628,-64.8589,XSS,Medium,IoT Device
1165a6e3-be5b-459c-b98c-1859410a6399,2026-03-23T17:27:29,41.72.113.130,Nigeria,UK,10.4713,7.1145,55.2757,-2.6859,SQL Injection,Critical,Firewall
6edfec4a-6933-4a2a-97e5-5d39c21994af,2026-03-23T16:06:06,46.240.181.236,Ukraine,Pakistan,46.6325,29.2753,31.6136,70.184,SQL Injection,Critical,Database
97d34935-b5af-4f2c-8c89-3c8310d09ca0,2026-03-23T13:42:10,188.118.105.107,Netherlands,Australia,53.1683,6.223,-26.3116,132.7468,DDoS,Medium,IoT Device
f6edbce2-42da-4d02-bf01-9b37ef0cae49,2026-03-23T04:24:05,1.89.251.83,Iran,North Korea,32.5394,54.361,42.2599,126.7425,Zero Day,Critical,Database
55a67d50-b984-4b4c-93ee-e7b8babd8d39,2026-03-22T21:22:22,46.118.158.87,Ukraine,Mexico,49.4014,33.1075,25.5108,-103.3656,Phishing,High,Database
cc1e1ab9-f250-45d2-b61c-2c6d9b7e2412,2026-03-22T21:12:01,179.216.215.8,Mexico,South Africa,24.5874,-102.919,-31.7242,21.8064,Ransomware,Critical,IoT Device
4accf3aa-087d-43c1-9b50-1f2f204ff99b,2026-03-22T20:11:35,36.14.143.49,China,Pakistan,36.831,106.1545,31.0785,70.6166,Zero Day,Critical,Mobile
889e6229-a39a-4545-9995-96ae6b7eb93b,2026-03-22T18:18:14,31.29.134.212,Ukraine,China,48.0613,32.9278,34.9661,105.4517,SQL Injection,Critical,Database
669235a6-c79b-46ac-a75a-c95c02b97a6e,2026-03-22T15:19:05,46.86.165.73,Ukraine,Iran,49.0365,31.9669,33.9948,54.9985,Phishing,Medium,Workstation
16799b57-d6be-44ae-9f13-0c5ac98b409d,2026-03-22T08:09:41,177.55.247.95,Mexico,Indonesia,24.8151,-100.9752,-2.437,112.9711,Ransomware,High,IoT Device
59e1f97a-dd8b-4687-aabb-48e99c4b0b90,2026-03-22T08:01:17,154.207.46.128,South Africa,Nigeria,-30.2829,23.8522,8.1679,8.4698,DDoS,Medium,IoT Device
c0d1bbc2-5726-42de-a251-588908b2956f,2026-03-22T06:52:43,5.193.119.195,Iran,South Korea,31.7493,53.6696,34.1968,127.1449,XSS,Low,Server
199ee2ea-27f9-4b2f-808e-15d8518bc899,2026-03-21T22:25:54,45.111.144.46,Argentina,Russia,-37.8736,-64.0643,61.1696,103.8908,Phishing,Medium,Mobile
564d5200-061b-48c3-b44b-4b5fe37dc653,2026-03-21T18:01:22,70.46.232.203,Canada,Turkey,54.3138,-108.2723,37.6549,35.5149,Phishing,High,Firewall
95d5efb4-33a3-4dc2-b769-f9b95df1229a,2026-03-21T14:41:36,177.20.67.169,Brazil,South Africa,16.1822,-51.9639,-31.0189,22.8089,Zero Day,High,Router
2750c7de-f99d-44df-a2cc-add3d36c2faa,2026-03-21T13:04:27,5.55.143.66,Saudi Arabia,South Africa,23.9339,46.5809,-32.4516,22.5542,SQL Injection,High,Server
d673c719-c26d-4d21-82e8-5dc34553f76d,2026-03-21T10:21:09,177.66.42.232,Brazil,Israel,14.0305,-50.6898,31.7394,33.9167,Ransomware,Critical,Server
93086abb-3ae5-4635-b1a5-8ade29aadc99,2026-03-21T09:10:34,213.110.43.248,France,Netherlands,44.3749,0.9789,53.397,4.5491,Ransomware,High,Server
0fd912c7-6e80-46de-885b-48f076055d01,2026-03-21T05:24:21,176.63.114.253,France,Ukraine,46.0996,3.2166,47.8454,32.1842,Ransomware,Critical,Server
d017d900-ea78-438c-ab14-50734aee0c2b,2026-03-21T04:29:53,175.91.141.156,North Korea,Mexico,40.531,129.1381,23.7638,-103.8215,SQL Injection,High,Database
4fda58d3-92cf-49e6-a880-0a21c81fc811,2026-03-21T03:53:41,5.21.96.187,Saudi Arabia,Argentina,25.4874,45.2725,-39.8882,-62.7418,Phishing,High,Database
84878e3e-cacc-41d9-b6ca-3d9b5838ef71,2026-03-21T02:58:49,5.33.120.137,Iran,France,31.477,54.6249,45.745,4.1421,XSS,Medium,Router
20e0236e-8917-4dc4-b695-fd3b40e5bd7c,2026-03-20T11:27:34,27.179.92.146,Japan,Nigeria,34.3766,138.5731,9.2803,7.8933,XSS,Medium,Mobile
edd6c796-e9d4-4c03-bdc4-2f46decaf785,2026-03-20T06:05:33,1.142.16.226,Indonesia,Ukraine,1.1111,115.165,48.9409,32.7837,SQL Injection,High,Database
9112489f-cc1d-4f27-a70e-8faa491518af,2026-03-20T03:29:51,46.247.112.177,Turkey,Ukraine,37.089,34.6043,48.5468,31.7535,Brute Force,Low,Database
9cc18386-2240-40a4-b20a-dfb7dce74ae1,2026-03-20T02:11:38,177.123.156.134,Mexico,Germany,22.7746,-103.7765,52.002,8.7369,Ransomware,High,Mobile
2821588f-9c43-4ab2-9d37-9a2071baa253,2026-03-20T01:46:11,27.12.68.127,China,Argentina,37.2208,104.9031,-38.9216,-65.4627,Ransomware,Critical,Firewall
381b3890-55f1-426d-aee5-b8e40e248841,2026-03-19T22:40:08,45.127.207.4,Mexico,UK,22.739,-102.6968,54.864,-3.4294,Brute Force,Low,Router
7ec39855-60ee-4278-9b99-ad1333291507,2026-03-19T22:24:16,210.205.211.46,North Korea,Ukraine,39.3272,126.446,49.4622,29.789,XSS,Low,Router
9b32efd0-4bb2-4222-88c5-0d4134e78e9e,2026-03-19T21:55:04,64.9.92.5,Canada,North Korea,56.4933,-106.8183,39.7048,127.3727,Ransomware,Critical,Database
d71cc186-fd2b-4a87-879f-04b2ba588d7d,2026-03-19T20:24:20,175.134.143.129,North Korea,South Africa,40.0575,125.761,-31.8471,24.3431,XSS,Medium,IoT Device
462b9d51-41bd-46ea-9266-e1394793288b,2026-03-19T16:53:05,210.175.61.216,North Korea,Iran,40.4566,128.8415,33.4181,53.1294,XSS,Medium,Server
d21d3586-5fea-4c1f-8f8a-d6144064c2da,2026-03-19T13:59:46,98.32.52.99,USA,South Africa,35.5938,-97.0674,-29.6686,21.5247,XSS,Medium,Workstation
ba93e36e-65c8-4b8a-9214-2ab99b81af77,2026-03-19T11:43:48,14.163.172.11,Pakistan,North Korea,30.6999,70.2326,40.5684,125.8372,Phishing,Medium,Workstation
6e19ea79-d1ff-4e7c-b47e-e27eb9e01855,2026-03-19T09:01:52,45.159.204.146,Brazil,USA,13.2825,-50.4024,37.1712,-93.7241,SQL Injection,Critical,Firewall
f253e655-9285-4d34-9a0e-7f0b55c03f78,2026-03-19T06:38:04,70.34.41.27,Canada,India,55.4547,-107.4518,19.8397,80.1199,XSS,Low,Workstation
d871ee4d-e5e0-41f7-99f9-0410d14fd502,2026-03-19T05:03:23,98.9.142.215,USA,Russia,38.4685,-94.8623,62.9846,105.3235,DDoS,High,Server
fe23d2fd-fc90-40a1-b569-0603518a0c54,2026-03-19T00:32:50,104.165.206.239,USA,Canada,35.6886,-96.8424,57.7288,-104.7859,SQL Injection,High,IoT Device
789ded8b-51c7-4eea-9450-8510ecea3ae5,2026-03-19T00:30:18,196.81.177.188,Nigeria,Netherlands,7.4262,8.6213,52.1385,6.197,Phishing,High,IoT Device
33137dc2-287e-4ed8-9354-aa3b67b76476,2026-03-18T19:45:21,210.244.21.25,North Korea,Mexico,39.8643,125.7601,22.4364,-102.5758,Zero Day,High,Router
8ae9a63a-3504-4b49-bb36-e0940face6dd,2026-03-18T17:28:05,45.4.106.155,Brazil,USA,15.9191,-50.4903,37.2733,-95.645,Brute Force,Medium,IoT Device
5f7b34fb-21fd-47ac-bf54-60b8bad4f375,2026-03-18T16:45:00,1.33.236.48,Japan,France,35.7442,139.9821,46.8306,1.3208,SQL Injection,High,Workstation
adda0dd2-9152-4808-80c0-67ed17f310e9,2026-03-18T15:36:18,179.223.11.125,Brazil,Pakistan,12.3589,-53.6629,30.6022,70.1767,Brute Force,Low,Mobile
73c7fd24-0769-4059-a83a-9456b433444d,2026-03-18T12:50:39,175.77.161.120,North Korea,Mexico,41.0151,125.6435,24.5634,-100.9428,Ransomware,High,Database
0119d1c8-c489-48a7-97a5-070281d1edff,2026-03-18T11:52:04,5.56.228.157,Ukraine,South Africa,50.3629,30.0476,-29.7271,22.1639,SQL Injection,High,Server
79d9bec4-673c-40c6-9cb4-fb186a34f158,2026-03-18T04:05:44,31.112.75.217,Turkey,Israel,39.9797,36.5479,29.7239,32.8797,Phishing,Medium,Mobile
612db933-4c79-49a1-914f-8ae5abf06ce7,2026-03-18T03:11:52,179.180.40.19,Brazil,Israel,15.1392,-53.6338,31.8855,35.6085,Brute Force,Low,Mobile
0a0f0e3f-07c5-4b97-bbbd-bb18b82c8791,2026-03-18T01:06:04,176.161.47.120,France,UK,44.7963,0.9333,54.4938,-2.9218,Zero Day,Critical,Database
f3e2eef4-dc56-454e-8cb5-bc5574f71e97,2026-03-17T16:53:23,5.23.50.91,Ukraine,Indonesia,49.9228,32.9612,-0.8885,113.3838,Ransomware,High,Database
591ee4c7-2b46-4ab9-b6f1-bc11c9283088,2026-03-17T14:59:16,64.221.42.230,Canada,Brazil,55.7402,-107.4732,14.6819,-51.8667,DDoS,Medium,Database
b60cfc9c-ae93-4659-8d5a-44b0eee00be7,2026-03-17T14:24:49,27.127.115.77,Pakistan,India,31.6218,68.6528,20.1918,77.2459,Zero Day,High,Database
90c9cd80-e55b-4776-8816-cd632f3d47da,2026-03-17T13:11:26,5.161.217.75,Iran,USA,33.2288,52.44,35.9243,-94.685,SQL Injection,Critical,Database
f68ba69d-680c-48f5-b62a-ac8cdca74a9d,2026-03-17T13:02:08,175.23.146.242,North Korea,Argentina,40.0651,128.0209,-39.6552,-61.9735,DDoS,Medium,Workstation
1be49f24-f429-4816-88af-c478135904cd,2026-03-17T08:59:31,37.180.37.233,Netherlands,Israel,51.5305,4.9474,29.4064,34.6573,Zero Day,High,IoT Device
db305d37-8666-46b1-aaf4-d66ce21a0bcf,2026-03-17T05:55:38,14.42.15.60,Australia,Saudi Arabia,-27.1918,132.24,23.9661,44.3802,SQL Injection,High,Workstation
5f0242e7-3bfe-480d-af42-ae9694fc2cd4,2026-03-17T05:21:20,1.131.243.237,Indonesia,Argentina,-1.8848,115.0776,-38.6747,-62.6055,Zero Day,Critical,Mobile
94d4719d-0b2f-4cbf-bf5c-aa41aa35941c,2026-03-17T02:17:29,177.227.55.206,Brazil,Israel,15.4611,-50.3592,29.4547,33.0414,Zero Day,High,Database
c83d4d6e-234e-42d3-b690-87baa269fcec,2026-03-16T22:51:54,59.223.175.198,Pakistan,Germany,30.9824,70.8971,53.0245,11.8351,XSS,Medium,Workstation
145e220c-8f3f-4d1f-82e1-2e42eef02d62,2026-03-16T14:51:48,77.157.34.39,Russia,Pakistan,61.4439,105.3917,32.2425,71.2751,XSS,Low,Server
df3ae68a-6bd1-4f32-96dc-bd90fd564da4,2026-03-16T13:13:56,175.155.234.245,North Korea,Argentina,41.124,125.9073,-37.408,-61.8003,Ransomware,High,Router
7c18c160-ad6c-497b-8671-6f25e61dc587,2026-03-16T13:05:59,46.34.210.231,Turkey,Australia,37.8928,36.8964,-23.9256,132.9691,DDoS,Medium,Workstation
b46eca3d-45a4-4e24-b2a0-8539bf64370d,2026-03-16T13:02:34,64.210.158.67,Canada,Netherlands,56.1522,-105.6469,50.1849,4.1099,XSS,Medium,Database
1c35b34b-3ad2-4cd3-b7e9-f0a9db039fab,2026-03-16T12:40:16,27.219.186.62,India,North Korea,20.4974,78.111,38.3895,127.4767,Zero Day,High,Firewall
f71a1e89-4ce6-44a9-806c-a964a1a491c9,2026-03-16T12:19:48,71.202.147.172,USA,South Africa,35.8361,-94.1049,-29.9392,21.7594,Zero Day,High,Router
83b0ab9f-4326-40e9-bd58-5128d76bca9e,2026-03-16T11:27:49,37.10.34.65,Netherlands,Saudi Arabia,51.0884,6.2325,25.5265,45.9055,Zero Day,Critical,Firewall
22f11ae3-97b6-4d1d-8210-273117c254a6,2026-03-16T09:39:22,77.247.52.124,Saudi Arabia,South Africa,22.0478,44.586,-30.4943,21.2154,SQL Injection,Critical,Firewall
25269c39-27e9-4292-ba47-ec04b16f7a86,2026-03-16T04:06:52,80.180.32.4,Germany,Saudi Arabia,50.3777,10.7645,25.459,46.0794,Ransomware,Critical,IoT Device
89b45884-f1f5-4b85-b386-6527b5eb9be8,2026-03-16T01:56:06,80.38.190.37,Germany,Israel,52.5583,8.9651,31.5386,35.6366,Zero Day,High,Database
e232d3f3-6b86-4f29-a760-71bb1edf4080,2026-03-15T14:36:08,179.90.84.253,Brazil,Russia,14.8579,-53.7595,59.8685,104.0158,Brute Force,Low,Database
c8844052-a85d-4b76-b4df-7ea94067848e,2026-03-15T11:15:00,49.216.125.110,Pakistan,China,28.9521,68.1798,36.4661,103.442,XSS,Low,Workstation
f27cc094-be45-4f36-8d95-7de6e04d2e84,2026-03-15T10:54:15,45.40.55.251,Argentina,Brazil,-38.4034,-64.611,13.0659,-52.0439,Brute Force,Low,Firewall
efdfac7b-944e-4008-a1ae-72149a344b4e,2026-03-15T10:37:00,49.18.242.131,Australia,North Korea,-25.069,135.1018,38.4298,126.7417,XSS,Medium,Server
be56e875-e785-473f-918a-99539152a1e6,2026-03-14T22:46:21,177.149.206.183,Brazil,France,13.049,-53.7532,44.2745,2.2347,Zero Day,Critical,Router
37d9dc8b-22b8-4354-8e1d-0458c874d98b,2026-03-14T16:21:36,179.137.137.110,Argentina,Turkey,-39.1944,-62.7496,38.7944,34.0284,XSS,Medium,Server
aa2e9bdb-3a2f-4dab-ac39-5bb9977431f2,2026-03-14T16:15:10,24.89.102.152,Canada,India,56.6052,-106.2939,19.9871,78.2463,Ransomware,Critical,Database
17fc4c93-8147-4ebb-a869-3a0a17dc981d,2026-03-14T15:56:00,77.29.232.248,Russia,China,63.3206,105.7219,36.1628,103.9115,Phishing,High,Database
3dca72d9-6e7c-48a3-84e0-f6198cc2e922,2026-03-14T14:16:04,59.69.50.182,India,Israel,19.8935,80.6919,29.2849,34.0032,XSS,Medium,Firewall
740fd940-5301-42ec-858d-27a7f32c4337,2026-03-14T07:30:05,58.167.24.237,Indonesia,Netherlands,0.2847,113.1297,53.5326,6.8803,Zero Day,Critical,Firewall
64ac1927-9c35-4b76-ba6f-3749108c1761,2026-03-14T03:08:41,45.126.21.7,Brazil,Netherlands,14.2378,-52.6236,50.8061,4.3919,Ransomware,Critical,Firewall
362461b8-14b8-49e2-8db3-f06d19e90c4a,2026-03-14T02:01:01,212.110.229.244,France,Netherlands,44.3681,4.0037,52.1654,4.3001,DDoS,Medium,Firewall
313d57be-ed9e-418c-b526-b989b0057668,2026-03-13T23:40:46,27.205.152.181,Pakistan,Mexico,32.3082,68.462,23.1842,-102.8534,SQL Injection,Critical,IoT Device
ca54c259-364c-45d5-aaf4-50047eaaf0ee,2026-03-13T22:10:22,99.130.43.206,Canada,France,57.2459,-108.2523,48.1176,2.3785,SQL Injection,High,Mobile
61d98f11-0195-4d7c-bde2-345d061c3529,2026-03-13T20:27:31,49.40.169.185,Australia,India,-27.114,133.3347,22.5861,80.001,Brute Force,Medium,Workstation
f624840b-ebd0-4bd6-9699-f03b674fa71a,2026-03-13T20:20:45,46.146.197.48,Saudi Arabia,Argentina,22.7631,43.2136,-40.4022,-65.109,DDoS,Medium,IoT Device
5483d806-e585-42c4-bf91-848ea5082175,2026-03-13T17:40:15,86.53.144.80,UK,Brazil,53.4883,-4.4129,14.6384,-52.1874,XSS,Medium,Server
3bb39f6d-9370-4265-8d4b-e4ddcea9f0ad,2026-03-13T17:20:07,77.119.32.34,Ukraine,South Korea,49.1061,30.2103,35.0833,126.6595,SQL Injection,Critical,Mobile
e4d930da-c3c1-4f0b-acb2-8b158900ae20,2026-03-13T08:17:10,193.70.23.78,Germany,Pakistan,51.3569,11.5201,28.5892,68.4598,SQL Injection,Critical,Database
dd692edc-6e4f-469b-8ca8-09d10b32aad6,2026-03-13T07:03:30,27.92.230.110,China,Japan,37.2813,104.7157,35.2803,138.0134,Ransomware,Critical,Database
4b302ab4-c8f4-4b9e-887a-f09a80612320,2026-03-13T06:33:52,31.192.152.119,Iran,Israel,33.3411,52.5718,29.685,35.7968,Ransomware,High,IoT Device
e8e61a13-0357-4670-9937-0c13fad065f3,2026-03-13T05:34:22,77.120.172.48,Israel,Saudi Arabia,29.4814,36.2218,24.9274,44.1949,SQL Injection,Critical,Database
21f206ff-dbfa-4877-9a58-fd26cee799de,2026-03-13T05:32:43,46.200.98.169,Ukraine,Argentina,48.0682,29.5895,-38.8782,-62.1794,DDoS,Medium,Firewall
28b82dca-93c6-44b3-b862-620ff0b6484d,2026-03-13T04:29:22,1.142.107.95,China,Canada,36.049,105.7865,54.8954,-106.4665,Brute Force,Low,Server
3f764fea-0684-49b9-a6ed-57a787a18c6b,2026-03-13T03:58:30,31.62.19.152,Israel,Canada,31.8398,36.5049,56.4969,-105.4398,XSS,Medium,Workstation
5587bfb7-ae57-4c42-8d2f-74a83befdf6a,2026-03-13T03:28:10,175.61.31.142,North Korea,France,39.7811,126.8322,45.3642,0.5246,Brute Force,Medium,Router
a95d3b22-71e4-48d4-b394-0be53c0325cf,2026-03-13T01:52:03,1.115.232.79,Australia,Iran,-26.607,133.4083,33.3768,54.6651,Phishing,High,Server
8af60b99-4f4f-4bd2-8aa7-119541742491,2026-03-12T23:07:58,46.211.23.196,Russia,Japan,61.1494,104.852,35.6029,136.4288,Brute Force,Medium,IoT Device
ba66b00e-a587-4dc0-9e63-33ae38978b3e,2026-03-12T22:22:25,99.66.50.15,Canada,France,54.3135,-105.7629,44.7948,3.512,Brute Force,Low,IoT Device
912dff31-14b0-4639-be7d-26593bad1387,2026-03-12T20:06:09,188.117.159.62,Netherlands,France,53.3557,4.4522,45.3741,3.5915,XSS,Medium,Workstation
a9429772-a29b-416d-8ef6-d78a7ebb68ba,2026-03-12T12:40:51,194.161.139.49,France,UK,46.872,1.8538,55.735,-2.4087,Ransomware,Critical,Mobile
37c4ba23-4554-4b7b-8044-2dcf19a18d80,2026-03-12T12:28:07,179.118.96.70,Brazil,USA,14.4339,-50.4008,38.6815,-95.4567,Ransomware,High,Database
7129c70c-af84-40ba-8328-c68da52af3bd,2026-03-12T12:11:19,46.99.48.235,Russia,Israel,60.2892,105.9598,30.0671,33.3609,Phishing,High,Workstation
0f463794-4bc7-4504-928d-4082b8f8c8ad,2026-03-12T04:32:02,45.42.6.68,Argentina,Ukraine,-40.0901,-64.6523,49.3251,31.4196,SQL Injection,High,Server
af56b609-7528-4a9d-9d01-120494189282,2026-03-12T00:54:09,36.84.228.27,China,India,35.0429,103.2875,18.6008,80.3329,Phishing,High,Database
1d6d0cff-8184-4d86-82c5-91f3d8b27631,2026-03-11T23:29:57,196.33.150.1,Nigeria,China,7.3654,10.3921,33.9665,105.576,Zero Day,Critical,IoT Device
6b241f77-d8be-42f9-b4f3-937463fd0f05,2026-03-11T23:22:22,46.51.23.241,Russia,Pakistan,60.2424,106.6661,31.1483,67.739,Brute Force,Medium,Firewall
e5edf388-24a7-4148-8d59-6442b764cdae,2026-03-11T22:24:06,71.46.185.96,USA,Mexico,35.6816,-96.4672,22.1527,-100.7946,Ransomware,Critical,Mobile
f4b550cf-dea2-4be4-ae55-ea02867e0cc5,2026-03-11T21:33:16,31.14.174.99,Iran,Pakistan,34.0558,52.4491,30.0453,70.3973,XSS,Low,Workstation
16cdc0b3-8b7c-44d7-8c73-dfd36758181b,2026-03-11T20:54:48,49.9.224.26,Indonesia,USA,-0.9051,114.0318,35.8087,-95.563,Ransomware,High,Server
48c83726-b77c-40d2-adb7-5eec1635a749,2026-03-11T13:35:05,80.4.114.128,Turkey,Indonesia,37.3371,36.0504,-2.1831,112.5389,DDoS,High,Server
f221a2e0-1a52-4e91-82bf-9e37ac2b26bb,2026-03-11T10:08:47,27.34.70.18,India,Argentina,22.3947,77.1784,-39.6042,-62.3606,Brute Force,Medium,Router
c93f8ae8-1ce6-44a0-80e0-e8bca7be3d4e,2026-03-11T09:31:35,14.248.246.4,Pakistan,Argentina,30.9893,69.3858,-38.1231,-64.7531,Brute Force,Medium,Server
c033a076-c347-4f9d-8c35-416c14a0a5a9,2026-03-11T07:44:40,46.70.125.99,Israel,South Korea,30.1657,34.0469,35.8047,129.7178,DDoS,Medium,Workstation
0dd4391c-c27a-43e5-be2c-cdba12ca7733,2026-03-10T20:01:59,27.34.118.93,China,Germany,36.9996,102.8182,51.2892,10.3039,DDoS,Medium,Router
07c283d0-a2b2-4ba5-b62f-1058540a5052,2026-03-10T19:41:56,154.4.242.29,Nigeria,India,7.9537,8.558,18.9793,77.9645,Zero Day,High,Firewall
ab683c5e-a38e-4763-9cb6-5918658a9c14,2026-03-10T06:02:48,1.219.52.121,South Korea,Brazil,37.3784,129.175,15.5807,-51.7775,DDoS,Medium,Server
77e7b90e-206a-46e3-b9ea-76352f533acd,2026-03-10T05:01:02,45.61.171.113,Mexico,China,25.6131,-101.821,34.5978,103.8713,Brute Force,Low,IoT Device
b954019b-0a59-4d22-b329-a9cea4a7d780,2026-03-10T03:49:26,77.51.50.165,Saudi Arabia,Canada,22.1442,45.5365,57.3841,-106.5282,Ransomware,High,Mobile
b736d6d4-bc97-45ee-a56e-9998e10d5b30,2026-03-09T17:43:18,213.165.72.129,France,Brazil,44.5372,1.4185,14.6694,-52.1232,XSS,Medium,IoT Device
fe9a1f17-195d-4ee4-a21a-ba80bf1692a9,2026-03-09T17:17:46,5.184.116.14,Ukraine,Netherlands,47.9505,31.8289,52.0574,4.3317,XSS,Low,Workstation
2fe32610-54ed-41a6-956b-f4fcfe107582,2026-03-09T14:37:39,14.3.57.188,India,Israel,19.4646,78.4866,31.0922,36.2999,SQL Injection,High,Router
ebda717c-aa33-47d2-94af-990a6afd9ad4,2026-03-09T13:48:05,45.51.208.142,Mexico,South Africa,21.773,-103.3083,-29.2427,24.4561,SQL Injection,Critical,Database
e7d34993-79b7-4d9b-a3fe-cac9cc9a4bfb,2026-03-09T11:30:07,210.140.72.198,North Korea,Netherlands,40.2038,126.6998,50.937,3.7036,Brute Force,Medium,Mobile
08a18db0-d1be-4f87-acbf-07c653aec433,2026-03-09T08:13:53,64.21.150.244,Canada,Indonesia,57.9065,-106.2356,-1.5578,112.3136,Brute Force,Low,Workstation
c475dd68-dee9-4f7f-b444-f72f002754b5,2026-03-09T08:12:12,1.138.110.168,Indonesia,Germany,-2.313,114.0214,49.8285,9.4256,Ransomware,Critical,Router
549600a0-9122-42fd-871f-b6e8c8efc556,2026-03-08T21:57:37,59.180.68.122,Pakistan,Ukraine,29.0849,67.7916,49.096,30.7085,SQL Injection,Critical,Mobile
25d52d1d-1c0a-4099-8c8d-5d89ff5c207d,2026-03-08T17:38:49,98.87.111.237,USA,Germany,36.2634,-95.8447,50.6304,11.2481,Ransomware,Critical,Server
a45de60b-1d32-4020-874c-df82482cb85d,2026-03-08T08:38:55,77.10.23.20,Saudi Arabia,Turkey,22.0091,47.0316,40.6295,35.4792,Ransomware,High,Database
6484f34f-b174-40aa-a018-bad7bbde8202,2026-03-08T07:48:42,64.171.245.162,Canada,Saudi Arabia,54.2099,-107.5272,23.8743,44.2981,SQL Injection,Critical,Server
3a4556b2-8258-41b3-859d-338ff7749aca,2026-03-08T00:27:44,27.97.154.73,Pakistan,Canada,28.5849,70.3239,55.0409,-106.0326,SQL Injection,High,Workstation
09d5d994-8725-46a4-8668-d9ba559ba247,2026-03-07T19:18:50,98.135.29.20,USA,Canada,35.1173,-94.7035,55.8383,-106.9995,XSS,Low,Server
9db3d033-1857-43a5-b615-ab8d5890a9a7,2026-03-07T18:32:38,27.173.25.100,Japan,Israel,38.0205,139.8147,31.394,35.6519,DDoS,High,Workstation
7a1941fe-0d8a-4aca-ad5b-224912bb1f18,2026-03-07T14:54:24,41.114.172.119,South Africa,India,-29.1191,23.4174,21.6279,77.5446,XSS,Low,Mobile
7128d434-5da7-403f-a820-48e63d9da00e,2026-03-07T14:24:47,31.5.224.197,Russia,France,61.3958,106.2352,45.8853,3.6328,SQL Injection,Critical,Server
0e7d4367-dd83-4e76-be0b-145df7d96f0f,2026-03-07T09:30:42,105.30.170.98,Nigeria,China,8.4809,8.2885,35.3339,105.1191,XSS,Medium,Database
e0573f61-c058-47fe-b6fe-2df05fc5c052,2026-03-07T08:39:51,58.104.156.103,South Korea,USA,33.9482,128.9726,37.2915,-96.4918,Zero Day,Critical,Firewall
399cb854-f260-43ce-98e9-d9ca9ad0593f,2026-03-07T05:06:04,31.72.227.103,Turkey,North Korea,38.637,34.6664,41.9644,126.0592,XSS,Medium,Workstation
ae636013-24b0-4bd2-9f37-b2ed20e6a860,2026-03-07T04:41:18,143.215.243.118,Argentina,India,-37.1333,-61.7829,22.0322,79.3136,Ransomware,Critical,Router
7751ce02-f9eb-41d0-9570-dbac4030d6fa,2026-03-07T04:17:34,143.206.243.153,Mexico,Ukraine,25.4978,-102.5331,47.1943,29.5735,Ransomware,High,Workstation
a61fcb7d-07e1-468d-b4e4-eedd49b29433,2026-03-07T00:10:52,5.227.47.237,Russia,Japan,59.8526,105.2682,37.1019,139.456,DDoS,Medium,Firewall
6fc1a894-14b8-4721-a6b7-1daf558f929f,2026-03-06T22:46:29,5.41.68.223,Ukraine,Argentina,49.3595,29.9788,-37.373,-65.0092,Brute Force,Medium,Mobile
f2ef362b-a6c6-4199-8447-2a0ca72bc2e2,2026-03-06T08:44:28,27.45.32.32,Japan,Indonesia,34.2661,137.9992,-0.683,112.0944,SQL Injection,Critical,IoT Device
19dd78d3-d16e-4801-a80b-00722bb4a2cf,2026-03-06T07:25:37,49.89.253.194,Australia,Iran,-23.8788,134.256,30.5188,53.0251,Brute Force,Medium,Firewall
e74a202f-9629-4550-8e1d-e133a42b1613,2026-03-06T06:57:03,49.154.168.83,Japan,Germany,35.8448,139.1314,51.0217,12.3209,SQL Injection,High,Mobile
7657509e-1d3d-4507-9a82-7a52737aa27f,2026-03-06T06:53:26,14.121.177.90,Australia,USA,-26.2962,135.6368,38.3131,-97.558,Phishing,High,Server
02bd23e5-d1c7-414d-b66d-67697f01a74d,2026-03-06T06:46:26,210.126.42.170,North Korea,Japan,39.9289,127.5875,36.1735,138.3616,DDoS,High,Server
74f6cb6b-8e16-4035-9869-610a6377ab59,2026-03-06T05:29:16,212.2.100.164,France,Netherlands,48.0947,2.9616,51.2713,5.8008,SQL Injection,Critical,Database
b4db55f6-2efb-4c68-9009-10d98f271172,2026-03-06T04:35:44,46.137.219.56,Ukraine,Canada,46.6495,31.8026,57.9507,-104.6026,Brute Force,Medium,Workstation
fd8dc168-b0c1-4c2a-8a4d-11837b60038b,2026-03-06T01:31:35,105.139.73.45,Nigeria,Mexico,10.4989,7.8299,21.7243,-100.7203,SQL Injection,High,Firewall
97d71964-3acf-4d83-9b8a-75a2777c9b09,2026-03-05T23:25:34,176.181.72.166,France,UK,45.5903,2.6392,55.9153,-1.4416,DDoS,High,Server
cacadc78-f9c6-4211-b409-4ef69e0cdbb5,2026-03-05T20:11:38,5.114.138.79,Russia,Israel,60.0304,104.8284,33.0176,34.7498,Phishing,High,Firewall
937bc9ff-da2e-4dc6-ae8c-9ac84cccec5e,2026-03-05T18:19:38,49.167.186.63,Pakistan,India,31.7365,71.2401,19.9986,80.6037,Zero Day,Critical,Firewall
4a3d995f-5b7d-47bd-985c-b133e14a80ee,2026-03-05T09:56:35,51.168.195.2,UK,Nigeria,56.731,-4.4765,10.6586,10.0031,DDoS,High,Server
f95d9a7f-80a9-431f-b3bc-af8430ae541a,2026-03-05T00:41:48,70.147.239.44,Canada,Pakistan,57.1312,-107.8891,28.8842,71.1689,Zero Day,High,Server
004644c7-a91f-4b2d-8772-184025b4f74d,2026-03-04T17:13:20,81.104.95.149,UK,Nigeria,54.466,-5.2406,10.1383,7.5882,Brute Force,Medium,Mobile
94836464-aef6-41fa-94f5-a54de0aae9af,2026-03-04T11:16:27,175.138.97.254,North Korea,Netherlands,42.1687,127.4303,52.9991,5.3935,Zero Day,Critical,Server
2309ee13-bc12-457f-9afa-8859f57d505d,2026-03-04T09:32:57,31.182.145.156,Russia,UK,60.0165,107.1873,55.135,-3.649,SQL Injection,High,Firewall
3b58d6f8-a02d-4ee4-acc2-99dcf7296a5c,2026-03-04T09:19:22,27.87.78.144,India,Australia,21.9055,78.4496,-26.928,135.0107,DDoS,Medium,Workstation
1dcc9cb8-82f2-4d9b-a798-b8ddaaef54c4,2026-03-04T07:43:15,36.49.221.34,China,Saudi Arabia,36.0171,102.6938,23.3848,46.984,XSS,Medium,Workstation
95b52920-5433-4681-9f2e-73282428f968,2026-03-04T06:07:08,196.194.17.116,South Africa,Nigeria,-31.9429,23.922,8.666,9.9265,SQL Injection,Critical,Workstation
09be3f36-45c2-4fb6-8217-3eeae6bd0ab3,2026-03-04T03:59:00,24.44.151.228,Canada,Netherlands,56.4653,-105.1026,53.9915,5.2931,SQL Injection,Critical,Firewall
5ee29beb-95ea-4a48-936c-0f292b1ed79e,2026-03-04T01:05:24,58.214.213.103,China,Turkey,34.2905,102.9949,38.6992,35.9646,Phishing,Medium,IoT Device
f837888f-f996-4fc3-800a-a005e741be46,2026-03-03T22:01:04,154.2.22.94,Nigeria,Israel,8.0267,9.8873,30.9098,33.2398,XSS,Medium,Router
0393ca46-06bb-46a9-be4f-ec987fd0c2fc,2026-03-03T21:13:05,194.37.76.91,France,Indonesia,47.0504,2.9378,-0.1053,113.1592,Phishing,High,IoT Device
a78280b6-f80a-4c37-90a1-08fbc0763f16,2026-03-03T20:24:16,58.105.44.226,Japan,Brazil,36.2897,138.3508,12.5324,-53.0641,Phishing,Medium,IoT Device
c2500cf1-a03e-41e0-a5d5-78c88bf10d11,2026-03-03T19:38:56,31.206.31.4,Saudi Arabia,Argentina,25.8681,45.2919,-38.6084,-63.8851,Zero Day,Critical,Router
7230e174-8870-44e4-aa45-d8ebc69db10d,2026-03-03T17:08:02,46.204.52.144,Turkey,China,40.1326,33.6815,34.8774,103.0371,DDoS,High,Mobile
b7646434-fee6-4486-bdac-c81c7673165f,2026-03-03T16:30:07,179.178.95.150,Brazil,China,12.3708,-52.5895,34.9386,103.7987,Brute Force,Low,IoT Device
ab8fec6c-18bf-48d6-92bc-226aabe59cce,2026-03-03T14:01:36,77.140.32.246,Ukraine,Argentina,47.7249,32.0372,-39.9804,-64.8633,Brute Force,Low,Database
14f915d4-b833-404f-a4bb-26aaafeeee4f,2026-03-03T11:57:20,46.55.41.187,Russia,Saudi Arabia,62.5524,106.3351,25.6821,43.3308,Ransomware,High,Server
428077f4-7885-4248-85a6-78b1f216c9cb,2026-03-03T10:40:45,179.189.169.197,Mexico,Iran,21.8046,-102.8844,31.8991,54.4268,Ransomware,High,Database
94f4d6d2-ac86-42ae-b67c-c6f0e5c87341,2026-03-03T07:52:56,45.125.34.54,Argentina,UK,-38.756,-65.3998,56.7396,-1.6277,SQL Injection,High,Database
025b48c9-3bfb-4aed-9270-3e62aa06c9c5,2026-03-03T04:59:27,143.134.213.162,Mexico,South Africa,24.5014,-100.7559,-31.6113,22.6703,Phishing,High,Router
fd9df543-f606-4cff-af03-fa8cb03a0255,2026-03-03T02:33:41,49.86.98.113,Pakistan,India,31.1725,69.8051,18.7856,76.9795,Ransomware,High,Database
eeee20e3-1078-4efd-9a5d-79e0acbfbd1e,2026-03-03T00:56:06,196.243.202.220,South Africa,Iran,-31.4546,21.7158,31.3334,53.4918,DDoS,Medium,IoT Device
36cf9310-419f-4e39-9391-3fb302701fae,2026-03-02T23:48:27,14.171.168.209,South Korea,Saudi Arabia,37.0836,128.9022,25.652,43.309,Ransomware,High,Workstation
788e140a-42f1-4448-aa79-a78e745ed008,2026-03-02T23:41:37,154.46.93.141,Nigeria,UK,9.8651,7.2318,56.6977,-3.3057,Ransomware,Critical,Server
2d33a0ff-ea9d-4922-8b32-2e7b08dd6a1b,2026-03-02T22:54:14,99.174.152.27,Canada,Indonesia,54.3155,-104.6438,-2.2097,114.9696,DDoS,High,Mobile
2f16e4eb-7cf4-4ada-b19d-d5d80e9b741f,2026-03-02T22:30:13,36.111.21.253,China,Russia,37.2599,105.0114,62.5741,105.0159,Zero Day,Critical,Router
3af60181-af55-4c25-8af8-858765bcb5f6,2026-03-02T14:48:38,27.27.207.167,Pakistan,Nigeria,31.3003,68.3574,7.3451,8.4946,Ransomware,High,Workstation
fd577474-cb14-4928-999d-5584f13c4ae2,2026-03-02T07:59:24,45.151.58.193,Mexico,Australia,23.0294,-100.7685,-26.4348,132.6622,Phishing,High,IoT Device
40bb4430-10ed-47f4-8e89-7a1699a8da35,2026-03-02T07:46:00,46.183.48.253,Turkey,Netherlands,40.6475,34.6348,50.504,5.4485,Zero Day,Critical,IoT Device
4f86b59d-6109-4b61-b06f-ad4816aa2381,2026-03-02T07:35:09,210.171.3.44,North Korea,Netherlands,42.058,128.9666,52.6335,6.5867,Brute Force,Medium,IoT Device
90d1d563-432a-4887-994d-8a7c999afb82,2026-03-02T07:32:25,177.153.167.90,Mexico,Brazil,23.2006,-100.9561,15.1876,-53.3828,SQL Injection,High,IoT Device
495ee852-3391-4896-8da5-fb5f573b2683,2026-03-02T06:22:54,31.239.204.173,Russia,South Korea,62.5154,104.379,34.5444,128.4503,Ransomware,Critical,IoT Device
84fed63c-1c49-4095-a7f0-5bedfc935534,2026-03-02T04:09:12,14.251.124.97,Pakistan,China,30.8625,70.3366,34.9068,105.9466,Zero Day,High,IoT Device
349288a0-1113-44d5-90a1-0092c583aa00,2026-03-02T02:52:04,176.226.135.126,France,Russia,46.3234,3.2793,60.4239,105.3535,Ransomware,Critical,IoT Device
2bed4d39-cb0c-4ade-ae92-b019a2bfba55,2026-03-02T00:47:17,210.43.27.80,North Korea,India,39.5295,125.5235,19.7728,80.3525,SQL Injection,High,Router
ad9d8cf9-b638-4675-824b-882dcec82f85,2026-03-02T00:04:26,77.196.32.213,Ukraine,Brazil,49.6216,29.8601,13.2925,-53.6068,XSS,Low,Server
c5669fec-d5c9-4198-9094-adbba32427ca,2026-03-01T23:56:40,1.191.234.30,Iran,USA,32.4231,52.5679,36.0745,-93.8229,Phishing,High,Mobile
7bd8c9bd-1c30-4903-85d6-18428128202c,2026-03-01T21:44:16,46.171.134.72,Saudi Arabia,India,22.9707,45.4228,18.8666,78.0878,SQL Injection,High,IoT Device
68275096-e702-4547-a757-51892f92b4c2,2026-03-01T15:00:08,45.99.26.107,Brazil,Nigeria,13.3346,-52.1794,7.1157,6.7411,XSS,Low,Workstation
1fddf0d0-43c8-493a-8f5d-0cf075f6bf30,2026-03-01T14:32:32,77.71.71.170,Turkey,Russia,39.9922,35.1923,59.7979,104.6088,XSS,Low,Router
bc393bce-7261-4263-9e3c-5c7dac3ddd09,2026-03-01T03:30:24,31.205.166.158,Saudi Arabia,USA,22.2533,45.8555,37.7046,-96.5175,XSS,Low,Mobile
536593ee-08d3-4954-a597-ebc5491f4fa0,2026-02-28T21:51:48,45.131.165.211,Mexico,Russia,25.5502,-102.9895,61.0683,103.8394,Zero Day,Critical,Firewall
ffe57d1c-ea23-42d3-b6b4-b07e7409d49d,2026-02-28T21:09:55,179.148.84.45,Brazil,France,14.0191,-50.0218,46.6636,2.1501,DDoS,High,Firewall
1769f991-1a6e-41c4-bd6e-ea64862436ff,2026-02-28T21:07:29,14.4.109.24,Pakistan,Turkey,29.5301,70.37,40.5298,34.0776,Brute Force,Low,Server
660064ec-96c4-49c2-883c-f9010ad7bd3c,2026-02-28T13:07:34,14.26.233.152,India,Turkey,20.6912,80.0528,37.5072,35.6128,Ransomware,Critical,Router
48e2b5c2-21d5-4c10-8680-0261824449fe,2026-02-28T11:15:50,5.92.80.223,Russia,South Africa,63.5075,105.3457,-31.1782,23.3562,XSS,Medium,Router
66e4e858-cd15-47d4-8113-b4656b9fe4c9,2026-02-28T04:43:25,1.23.100.207,Indonesia,Mexico,-1.6006,114.7757,25.159,-103.947,Phishing,High,IoT Device
01b52aa5-80b9-4b19-b6d8-6a94dd3308ca,2026-02-28T03:59:01,58.92.21.177,Indonesia,South Korea,0.4391,113.3218,34.9275,126.7747,SQL Injection,Critical,Workstation
fe5933ad-9d83-45d6-9883-91df7d7cf78d,2026-02-28T02:47:00,59.234.6.39,India,Mexico,21.6657,80.8038,23.5256,-103.1054,Ransomware,High,Mobile
4c9d6981-66ba-4dbf-b132-7d1086669092,2026-02-28T01:01:48,46.131.57.155,Saudi Arabia,Nigeria,23.4371,46.7476,10.9475,6.976,DDoS,High,Database
c286883d-6b2f-4a90-8568-068f0d561adc,2026-02-27T22:43:17,77.221.107.122,Saudi Arabia,Ukraine,22.2522,46.1428,48.4511,30.0643,Ransomware,Critical,Workstation
bcfc73e4-06c7-4b03-a3d5-66f8554ce52a,2026-02-27T22:02:13,49.136.137.178,India,South Korea,20.4681,78.2735,36.2467,129.3643,Ransomware,Critical,Workstation
1c60eb3e-6ece-4e5b-9455-c75015de95af,2026-02-27T18:18:04,49.116.6.7,Indonesia,Turkey,-1.4749,112.6373,37.0947,35.7878,Brute Force,Low,Database
514066b1-a593-4556-b454-96c8034014c1,2026-02-27T16:37:40,179.66.41.133,Brazil,Ukraine,15.4474,-50.7858,47.8456,32.0576,Brute Force,Low,Server
02a1cbe3-5ee9-4128-a9ce-cccab4d5caaf,2026-02-27T16:03:57,58.231.94.176,China,Japan,37.3052,103.2831,37.1645,139.3704,Zero Day,High,Server
f12691a2-2d45-481c-8bd0-6f9cecc47843,2026-02-27T15:22:04,77.161.170.110,Ukraine,India,47.6825,30.4519,18.6267,78.8772,Phishing,Medium,Mobile
53b28883-3b8c-4d29-80e6-ce271eff1b89,2026-02-27T11:11:33,36.32.227.16,China,India,37.624,102.4123,20.3842,77.9353,Zero Day,Critical,Firewall
b79e1e7d-d25c-4c69-b371-d8693c683bba,2026-02-27T10:37:33,81.199.112.63,UK,India,55.61,-5.2148,19.851,77.2943,Brute Force,Low,IoT Device
20f143c0-f58b-4ab6-b312-893d9483b42f,2026-02-27T08:38:53,46.66.113.50,Israel,Ukraine,32.4655,36.2948,46.8856,29.1752,Zero Day,High,Router
6e6d46a7-8917-4b77-947a-b7c74a06e483,2026-02-27T02:44:59,46.192.70.219,Turkey,Iran,37.498,33.8431,32.3727,55.5757,XSS,Medium,Router
8a6819af-d592-4f49-ae50-4e6ebe7579e9,2026-02-27T01:38:52,177.45.243.167,Mexico,Canada,25.2693,-102.7443,56.3893,-105.4494,Brute Force,Medium,Firewall
2d92d29d-9c5b-4e96-9e54-df0ee2832b8b,2026-02-27T00:11:42,154.22.41.173,Nigeria,South Korea,10.7297,10.1439,37.5998,129.2908,Ransomware,High,Firewall
c7804eb7-bb6c-473f-b4db-7e176e537d2f,2026-02-26T20:57:11,105.3.193.248,South Africa,Canada,-29.9136,23.9663,55.8867,-106.447,Phishing,Medium,Server
a7c956a8-1652-4d2d-8721-41203beefbb0,2026-02-26T18:51:26,45.120.188.100,Brazil,Israel,13.1342,-53.7191,31.1172,33.8424,SQL Injection,Critical,IoT Device
9915e28b-eddf-42be-a3b2-e04242b28022,2026-02-26T15:08:01,49.65.138.196,Pakistan,South Africa,30.2912,70.4163,-31.0952,24.7054,Zero Day,High,Workstation
49840061-0a99-48a4-ba85-5bc7ec4a8439,2026-02-26T15:06:08,70.193.235.30,Canada,France,57.3078,-106.0572,46.0353,0.2849,SQL Injection,Critical,IoT Device
f6472430-67b5-4b81-9923-26ec40d0bdfb,2026-02-26T12:44:38,49.137.125.241,Indonesia,Australia,0.914,114.7426,-24.1797,134.9506,Zero Day,High,IoT Device
8eb7dc3e-5bf0-4c67-a323-c1d8702352b7,2026-02-26T01:11:51,27.23.193.122,Pakistan,Australia,29.5703,68.5391,-25.6197,131.9586,SQL Injection,High,Router
c56d49d5-1606-4868-8639-5ed215555318,2026-02-25T19:25:46,14.73.45.128,India,Argentina,19.3731,77.8742,-37.2943,-62.8653,SQL Injection,High,Firewall
c2241b14-1757-418e-8301-7182585a39e5,2026-02-25T13:13:43,188.242.103.41,Netherlands,UK,52.7415,6.1475,57.3163,-4.704,Ransomware,High,IoT Device
2e399981-760f-4b51-9a5e-e224fa9c5e8b,2026-02-25T12:19:28,194.18.219.123,France,Australia,46.2469,1.7229,-23.9829,134.8748,Brute Force,Medium,Firewall
f17a0457-344f-4e90-9ff2-68f294135641,2026-02-25T12:19:21,210.65.102.87,North Korea,India,39.82,126.3718,21.4817,79.8583,Brute Force,Low,Firewall
2572857b-d4c0-4adc-a72c-fafded7a19fc,2026-02-25T09:45:37,212.49.63.121,France,Ukraine,45.8378,0.7443,50.0338,30.6722,Phishing,High,Mobile
5b9fc531-7f1b-4d02-bccb-f63ff79e73e2,2026-02-25T07:33:02,49.106.123.24,Indonesia,Saudi Arabia,-0.0416,115.7627,23.1634,43.3246,XSS,Low,Router
586b7930-bde7-49f7-a41e-185541a49116,2026-02-25T00:11:00,46.192.75.244,Russia,France,61.1714,106.2605,47.2449,0.3554,XSS,Low,Workstation
77370143-1cd9-4aba-9d27-d45415c547a6,2026-02-24T19:13:49,213.85.175.253,France,South Korea,46.5504,1.6481,37.4658,125.7647,Phishing,High,Firewall
5e64619e-25d5-4d0f-8c16-a2bf3ae41cb4,2026-02-24T08:10:08,196.169.22.121,South Africa,Australia,-32.495,22.6847,-25.8548,134.5399,Ransomware,Critical,Server
e609ebd4-9573-4610-8347-ce5b6d87d0d2,2026-02-24T07:40:37,193.119.215.38,Germany,Saudi Arabia,49.6824,9.582,24.1627,46.7873,Brute Force,Low,Router
70222673-cd8f-44d6-b343-e394a62fa291,2026-02-24T07:33:24,49.200.66.155,India,UK,19.2236,77.437,56.948,-5.1031,Phishing,Medium,IoT Device
70bd9314-2cef-4adc-935b-09817f36b924,2026-02-24T04:44:04,49.85.36.39,Japan,UK,37.1293,137.5753,54.45,-2.3249,DDoS,High,IoT Device
58a16ac7-b6ae-4cbd-b1fa-4edab73ca65c,2026-02-24T04:34:37,70.164.1.45,Canada,Mexico,56.3174,-106.3805,25.1206,-100.7314,XSS,Medium,Server
cdb37e11-24a2-40d6-bc88-fb527704b608,2026-02-24T04:17:13,1.232.171.182,Iran,North Korea,32.3394,52.8139,40.6053,127.2127,SQL Injection,High,Server
02f27384-5c98-4c07-917e-3102a0e3c1f8,2026-02-24T01:02:08,85.191.180.87,Germany,Iran,50.4925,9.3063,32.1104,54.4019,SQL Injection,High,Firewall
2984af6b-c56c-45c4-9e56-f9680acc9d0c,2026-02-23T19:03:38,175.169.230.244,North Korea,UK,38.33,127.0541,53.7076,-4.3815,DDoS,Medium,Server
1728c82e-5de3-4a59-b013-585c68d48bbd,2026-02-23T14:00:08,82.65.221.94,UK,Japan,56.7316,-1.8434,34.5252,140.0041,Zero Day,Critical,Workstation
8d3d3607-f3ba-4165-a5ff-27c6c75395da,2026-02-23T13:33:29,45.139.240.213,Mexico,Pakistan,21.6427,-102.5468,28.6683,70.2412,SQL Injection,High,Mobile
04258a26-66d3-4132-80f6-7c6a29eb6df2,2026-02-23T02:21:57,179.182.229.144,Mexico,Canada,24.3421,-100.6578,57.1231,-107.1184,Zero Day,Critical,Mobile
